[
  { "short_name": "ABC", "full_name": "ABC Futebol Clube", "city": "Natal", "state": "RN", "founded": 1915, "status": "active", "wikipedia_page": "ABC Futebol Clube", "slug": "abcfc", "typeSlug": ".png", "site": "abcfc.com.br", "uniforme": "abcfc","anthem": { "title": "Hino do ABC", "lyrics_url": "https://pt.wikipedia.org/wiki/ABC_Futebol_Clube", "audio_url": null } },
  { "short_name": "Água Santa", "full_name": "Água Santa Esporte Clube", "city": "Diadema", "state": "SP", "founded": 1981, "status": "active", "wikipedia_page": "Esporte Clube Água Santa", "slug": "ecaguasanta", "typeSlug": ".png", "site": "ecaguasanta.com", "uniforme": "ecaguasanta","anthem": { "title": "Hino do Água Santa", "lyrics_url": "https://pt.wikipedia.org/wiki/Esporte_Clube_%C3%81gua_Santa", "audio_url": null } },
  { "short_name": "Aimoré", "full_name": "Clube Esportivo Aimoré", "city": "São Leopoldo", "state": "RS", "founded": 1936, "status": "active", "wikipedia_page": "Clube Esportivo Aimoré", "slug": "ceaimore", "typeSlug": ".png", "site": "ceaimore.com", "uniforme": "ceaimore","anthem": { "title": "Hino do Aimoré", "lyrics_url": "https://pt.wikipedia.org/wiki/Clube_Esportivo_Aimor%C3%A9", "audio_url": null } },
  { "short_name": "Alecrim", "full_name": "Alecrim Futebol Clube", "city": "Natal", "state": "RN", "founded": 1915, "status": "inactive", "wikipedia_page": "Alecrim Futebol Clube", "slug": "alecrimfc", "typeSlug": ".png", "site": null, "uniforme": "alecrimfc","anthem": null },
  { "short_name": "Altos", "full_name": "Associação Atlética de Altos", "city": "Altos", "state": "PI", "founded": 2013, "status": "active", "wikipedia_page": "Associação Atlética de Altos", "slug": "altos", "typeSlug": ".png", "site": "altosoficial.com.br", "uniforme": "altos","anthem": null },
  { "short_name": "Amazonas", "full_name": "Amazonas Futebol Clube", "city": "Manaus", "state": "AM", "founded": 2019, "status": "active", "wikipedia_page": "Amazonas Futebol Clube", "slug": "amazonasfc", "typeSlug": ".png", "site": "amazonasfc.com.br", "uniforme": "","anthem": { "title": "Hino do Amazonas", "lyrics_url": "https://pt.wikipedia.org/wiki/Amazonas_Futebol_Clube", "audio_url": null } },
  { "short_name": "América Mineiro", "full_name": "América Futebol Clube (MG)", "city": "Belo Horizonte", "state": "MG", "founded": 1912, "status": "active", "wikipedia_page": "América Futebol Clube (Belo Horizonte)", "slug": "americamineiro", "typeSlug": ".png", "site": null, "uniforme": "","anthem": { "title": "Hino do América-MG", "lyrics_url": "https://pt.wikipedia.org/wiki/Am%C3%A9rica_Futebol_Clube_(Belo_Horizonte)", "audio_url": null } },
  { "short_name": "América-RN", "full_name": "América Futebol Clube (RN)", "city": "Natal", "state": "RN", "founded": 1915, "status": "active", "wikipedia_page": "América Futebol Clube (Natal)", "slug": "americariograndedonorte", "typeSlug": ".png", "site": null, "uniforme": "","anthem": { "title": "Hino do América-RN", "lyrics_url": "https://pt.wikipedia.org/wiki/Am%C3%A9rica_Futebol_Clube_(Natal)", "audio_url": null } },
  { "short_name": "América-TO", "full_name": "América Futebol Clube (Teófilo Otoni)", "city": "Teófilo Otoni", "state": "MG", "founded": 1936, "status": "active", "wikipedia_page": "América Futebol Clube (Teófilo Otoni)", "slug": "americateofilootoni", "typeSlug": ".png", "site": null, "uniforme": "","anthem": null },
  { "short_name": "América-TR", "full_name": "América Futebol Clube (Três Rios)", "city": "Três Rios", "state": "RJ", "founded": 1929, "status": "inactive", "wikipedia_page": "América Futebol Clube (Três Rios)", "slug": "americadetresrios", "typeSlug": ".png", "site": null, "uniforme": "","anthem": null },
  { "short_name": "Anápolis", "full_name": "Anápolis Futebol Clube", "city": "Anápolis", "state": "GO", "founded": 1946, "status": "active", "wikipedia_page": "Anápolis Futebol Clube", "slug": "anapolis", "typeSlug": ".png", "site": null, "uniforme": "","anthem": { "title": "Hino do Anápolis", "lyrics_url": "https://pt.wikipedia.org/wiki/An%C3%A1polis_Futebol_Clube", "audio_url": null } },
  { "short_name": "Aparecidense", "full_name": "Associação Atlética Aparecidense", "city": "Aparecida de Goiânia", "state": "GO", "founded": 1985, "status": "active", "wikipedia_page": "Associação Atlética Aparecidense", "slug": "aparecidense", "typeSlug": ".png", "site": null, "uniforme": "","anthem": { "title": "Hino da Aparecidense", "lyrics_url": "https://pt.wikipedia.org/wiki/Associa%C3%A7%C3%A3o_Atl%C3%A9tica_Aparecidense", "audio_url": null } },
  { "short_name": "Apucarana", "full_name": "Apucarana Sports", "city": "Apucarana", "state": "PR", "founded": 1937, "status": "active", "wikipedia_page": "Apucarana Sports", "slug": "apucarana", "typeSlug": ".png", "site": null, "uniforme": "","anthem": null },
  { "short_name": "ASA", "full_name": "Agremiação Sportiva Arapiraquense", "city": "Arapiraca", "state": "AL", "founded": 1952, "status": "active", "wikipedia_page": "Agremiação Sportiva Arapiraquense", "slug": "asa", "typeSlug": ".png", "site": null, "uniforme": "","anthem": { "title": "Hino do ASA", "lyrics_url": "https://pt.wikipedia.org/wiki/Agremia%C3%A7%C3%A3o_Sportiva_Arapiraquense", "audio_url": null } },
  { "short_name": "Athletic-MG", "full_name": "Athletic Club (MG)", "city": "São João del-Rei", "state": "MG", "founded": 1909, "status": "active", "wikipedia_page": "Athletic Club (Minas Gerais)", "slug": "athleticclubmineiro", "typeSlug": ".png", "site": null, "uniforme": "","anthem": { "title": "Hino do Athletic-MG", "lyrics_url": "https://pt.wikipedia.org/wiki/Athletic_Club_(Minas_Gerais)", "audio_url": null } },
  { "short_name": "Athletico-PR", "full_name": "Club Athletico Paranaense", "city": "Curitiba", "state": "PR", "founded": 1924, "status": "active", "wikipedia_page": "Club Athletico Paranaense", "slug": "athleticoparanaense", "typeSlug": ".png", "site": null, "uniforme": "","anthem": { "title": "Hino do Athletico", "lyrics_url": "https://pt.wikipedia.org/wiki/Club_Athletico_Paranaense", "audio_url": null } },
  { "short_name": "Atlético-AC", "full_name": "Atlético Acreano", "city": "Rio Branco", "state": "AC", "founded": 1922, "status": "active", "wikipedia_page": "Atlético Acreano", "slug": "atleticoacreano", "typeSlug": ".png", "site": null, "uniforme": "","anthem": { "title": "Hino do Atlético Acreano", "lyrics_url": "https://pt.wikipedia.org/wiki/Atl%C3%A9tico_Acreano", "audio_url": null } },
  { "short_name": "Atlético-GO", "full_name": "Atlético Clube Goianiense", "city": "Goiânia", "state": "GO", "founded": 1937, "status": "active", "wikipedia_page": "Atlético Clube Goianiense", "slug": "atleticogoianiense", "typeSlug": ".png", "site": null, "uniforme": "","anthem": { "title": "Hino do Atlético-GO", "lyrics_url": "https://pt.wikipedia.org/wiki/Atl%C3%A9tico_Clube_Goianiense", "audio_url": null } },
  { "short_name": "Atlético-BA", "full_name": "Atlético de Alagoinhas", "city": "Alagoinhas", "state": "BA", "founded": 1970, "status": "active", "wikipedia_page": "Atlético de Alagoinhas", "slug": "atleticobaianoalagoinhas", "typeSlug": ".png", "site": null, "uniforme": "","anthem": null },
  { "short_name": "Atlético-CE", "full_name": "Atlético Cearense", "city": "Fortaleza", "state": "CE", "founded": 1997, "status": "active", "wikipedia_page": "Atlético Cearense", "slug": "atleticocearense", "typeSlug": ".png", "site": null, "uniforme": "","anthem": null },
  { "short_name": "Atlético-ES", "full_name": "Atlético Itapemirim", "city": "Itapemirim", "state": "ES", "founded": 1965, "status": "active", "wikipedia_page": "Clube Atlético Itapemirim", "slug": "atleticoitapemirim", "typeSlug": ".png", "site": null, "uniforme": "","anthem": null },
  { "short_name": "Atlético Mineiro", "full_name": "Clube Atlético Mineiro", "city": "Belo Horizonte", "state": "MG", "founded": 1908, "status": "active", "wikipedia_page": "Clube Atlético Mineiro", "slug": "atleticomineiro", "typeSlug": ".png", "site": null, "uniforme": "","anthem": { "title": "Hino do Atlético", "lyrics_url": "https://pt.wikipedia.org/wiki/Clube_Atl%C3%A9tico_Mineiro", "audio_url": null } },
  { "short_name": "Avaí", "full_name": "Avaí Futebol Clube", "city": "Florianópolis", "state": "SC", "founded": 1923, "status": "active", "wikipedia_page": "Avaí Futebol Clube", "slug": "avai", "typeSlug": ".png", "site": null, "uniforme": "","anthem": { "title": "Hino do Avaí", "lyrics_url": "https://pt.wikipedia.org/wiki/Ava%C3%AD_Futebol_Clube", "audio_url": null } },
  { "short_name": "Avenida", "full_name": "Esporte Clube Avenida", "city": "Santa Cruz do Sul", "state": "RS", "founded": 1944, "status": "active", "wikipedia_page": "Esporte Clube Avenida", "slug": "avenida", "typeSlug": ".png", "site": null, "uniforme": "", "anthem": { "title": "Hino do Avenida", "lyrics_url": "https://pt.wikipedia.org/wiki/Futebol_Clube_Santa_Cruz", "audio_url": null } },

  { "short_name": "Barueri", "full_name": "Grêmio Barueri Futebol Ltda.", "city": "Barueri", "state": "SP", "founded": 1989, "status": "inactive", "wikipedia_page": "Grêmio Barueri Futebol Ltda.", "slug": "barueri", "typeSlug": ".png", "site": null, "uniforme": "","anthem": null },
  { "short_name": "Bahia", "full_name": "Esporte Clube Bahia", "city": "Salvador", "state": "BA", "founded": 1931, "status": "active", "wikipedia_page": "Esporte Clube Bahia", "slug": "bahia", "typeSlug": ".png", "site": null, "uniforme": "","anthem": { "title": "Hino do Bahia", "lyrics_url": "https://pt.wikipedia.org/wiki/Esporte_Clube_Bahia", "audio_url": null } },
  { "short_name": "Bangu", "full_name": "Bangu Atlético Clube", "city": "Rio de Janeiro", "state": "RJ", "founded": 1904, "status": "active", "wikipedia_page": "Bangu Atlético Clube", "slug": "bangu", "typeSlug": ".png", "site": null, "uniforme": "","anthem": { "title": "Hino do Bangu", "lyrics_url": "https://pt.wikipedia.org/wiki/Bangu_Atl%C3%A9tico_Clube", "audio_url": null } },
  { "short_name": "Brasil de Pelotas", "full_name": "Grêmio Esportivo Brasil", "city": "Pelotas", "state": "RS", "founded": 1911, "status": "active", "wikipedia_page": "Grêmio Esportivo Brasil", "slug": "gremiobrasil", "typeSlug": ".png", "site": null, "uniforme": "","anthem": { "title": "Hino do Brasil de Pelotas", "lyrics_url": "https://pt.wikipedia.org/wiki/Gr%C3%AAmio_Esportivo_Brasil", "audio_url": null } },
  { "short_name": "Brasiliense", "full_name": "Brasiliense Futebol Clube", "city": "Taguatinga", "state": "DF", "founded": 2000, "status": "active", "wikipedia_page": "Brasiliense Futebol Clube", "slug": "brasiliense", "typeSlug": ".png", "site": null, "uniforme": "","anthem": { "title": "Hino do Brasiliense", "lyrics_url": "https://pt.wikipedia.org/wiki/Brasiliense_Futebol_Clube", "audio_url": null } },
  { "short_name": "Boa", "full_name": "Boa Esporte Clube", "city": "Varginha", "state": "MG", "founded": 1947, "status": "active", "wikipedia_page": "Boa Esporte Clube", "slug": "boa", "typeSlug": ".png", "site": null, "uniforme": "","anthem": null },
  { "short_name": "Botafogo", "full_name": "Botafogo de Futebol e Regatas", "city": "Rio de Janeiro", "state": "RJ", "founded": 1904, "status": "active", "wikipedia_page": "Botafogo de Futebol e Regatas", "slug": "botafogo", "typeSlug": ".png", "site": null, "uniforme": "","anthem": { "title": "Hino do Botafogo", "lyrics_url": "https://pt.wikipedia.org/wiki/Botafogo_de_Futebol_e_Regatas", "audio_url": null } },
  { "short_name": "Botafogo-BA", "full_name": "Botafogo Sport Club", "city": "Salvador", "state": "BA", "founded": 1914, "status": "inactive", "wikipedia_page": "Botafogo Sport Club (Bahia)", "slug": "botafogobahia", "typeSlug": ".png", "site": null, "uniforme": "","anthem": null },
  { "short_name": "Botafogo-SP", "full_name": "Botafogo Futebol Clube (SP)", "city": "Ribeirão Preto", "state": "SP", "founded": 1918, "status": "active", "wikipedia_page": "Botafogo Futebol Clube (Ribeirão Preto)", "slug": "botafogosp", "typeSlug": ".png", "site": null, "uniforme": "","anthem": { "title": "Hino do Botafogo-SP", "lyrics_url": "https://pt.wikipedia.org/wiki/Botafogo_Futebol_Clube_(Ribeir%C3%A3o_Preto)", "audio_url": null } },
  { "short_name": "Botafogo-PB", "full_name": "Botafogo Futebol Clube (PB)", "city": "João Pessoa", "state": "PB", "founded": 1931, "status": "active", "wikipedia_page": "Botafogo Futebol Clube (João Pessoa)", "slug": "botafogopb", "typeSlug": ".png", "site": null, "uniforme": "","anthem": { "title": "Hino do Botafogo-PB", "lyrics_url": "https://pt.wikipedia.org/wiki/Botafogo_Futebol_Clube_(Jo%C3%A3o_Pessoa)", "audio_url": null } },
  { "short_name": "Brusque", "full_name": "Brusque Futebol Clube", "city": "Brusque", "state": "SC", "founded": 1987, "status": "active", "wikipedia_page": "Brusque Futebol Clube", "slug": "brusque", "typeSlug": ".png", "site": null, "uniforme": "","anthem": { "title": "Hino do Brusque", "lyrics_url": "https://pt.wikipedia.org/wiki/Brusque_Futebol_Clube", "audio_url": null } },
  
  { "short_name": "Cabofriense", "full_name": "Associação Desportiva Cabofriense", "city": "Cabo Frio", "state": "RJ", "founded": 1997, "status": "active", "wikipedia_page": "Associação Desportiva Cabofriense", "slug": "cabofriense", "typeSlug": ".png", "site": null, "uniforme": "", "anthem": { "title": "Hino da Cabofriense", "lyrics_url": "https://pt.wikipedia.org/wiki/Associa%C3%A7%C3%A3o_Desportiva_Cabofriense", "audio_url": null } },
  { "short_name": "Caldense", "full_name": "Associação Atlética Caldense", "city": "Poços de Caldas", "state": "MG", "founded": 1925, "status": "active", "wikipedia_page": "Associação Atlética Caldense", "slug": "caldense", "typeSlug": ".png", "site": null, "uniforme": "","anthem": { "title": "Hino da Caldense", "lyrics_url": "https://pt.wikipedia.org/wiki/Associa%C3%A7%C3%A3o_Atl%C3%A9tica_Caldense", "audio_url": null } },
  { "short_name": "Campinense", "full_name": "Campinense Clube", "city": "Campina Grande", "state": "PB", "founded": 1915, "status": "active", "wikipedia_page": "Campinense Clube", "slug": "campinense", "typeSlug": ".png", "site": null, "uniforme": "","anthem": { "title": "Hino do Campinense", "lyrics_url": "https://pt.wikipedia.org/wiki/Campinense_Clube", "audio_url": null } },
  { "short_name": "Capital-TO", "full_name": "Capital Futebol Clube", "city": "Palmas", "state": "TO", "founded": 2012, "status": "active", "wikipedia_page": "Capital Futebol Clube", "slug": "capital", "typeSlug": ".png", "site": null, "uniforme": "","anthem": { "title": "Hino do Capital-TO", "lyrics_url": "https://pt.wikipedia.org/wiki/Capital_Futebol_Clube", "audio_url": null } },
  { "short_name": "Carlos Renaux", "full_name": "Clube Atlético Carlos Renaux", "city": "Brusque", "state": "SC", "founded": 1913, "status": "active", "wikipedia_page": "Clube Atlético Carlos Renaux", "slug": "carlosrenaux", "typeSlug": ".png", "site": null, "uniforme": "","anthem": null },
  { "short_name": "Cascavel", "full_name": "Cascavel Clube Recreativo", "city": "Cascavel", "state": "PR", "founded": 2001, "status": "active", "wikipedia_page": "Cascavel Clube Recreativo", "slug": "cascavel", "typeSlug": ".png", "site": null, "uniforme": "","anthem": null },
  { "short_name": "Caxias", "full_name": "Sociedade Esportiva e Recreativa Caxias do Sul", "city": "Caxias do Sul", "state": "RS", "founded": 1935, "status": "active", "wikipedia_page": "Sociedade Esportiva e Recreativa Caxias do Sul", "slug": "caxiasdosul", "typeSlug": ".png", "site": null, "uniforme": "","anthem": { "title": "Hino do Caxias", "lyrics_url": "https://pt.wikipedia.org/wiki/Sociedade_Esportiva_e_Recreativa_Caxias_do_Sul", "audio_url": null } },
  { "short_name": "Ceará", "full_name": "Ceará Sporting Club", "city": "Fortaleza", "state": "CE", "founded": 1914, "status": "active", "wikipedia_page": "Ceará Sporting Club", "slug": "ceara", "typeSlug": ".png", "site": null, "uniforme": "","anthem": { "title": "Hino do Ceará", "lyrics_url": "https://pt.wikipedia.org/wiki/Cear%C3%A1_Sporting_Club", "audio_url": null } },
  { "short_name": "Chapadinha", "full_name": "Chapadinha Futebol Clube", "city": "Chapadinha", "state": "MA", "founded": 1999, "status": "inactive", "wikipedia_page": "Chapadinha Futebol Clube", "slug": "chapadinha", "typeSlug": ".png", "site": null, "uniforme": "","anthem": null },
  { "short_name": "Chapecoense", "full_name": "Associação Chapecoense de Futebol", "city": "Chapecó", "state": "SC", "founded": 1973, "status": "active", "wikipedia_page": "Associação Chapecoense de Futebol", "slug": "chapecoense", "typeSlug": ".png", "site": null, "uniforme": "","anthem": { "title": "Hino da Chapecoense", "lyrics_url": "https://pt.wikipedia.org/wiki/Associa%C3%A7%C3%A3o_Chapecoense_de_Futebol", "audio_url": null } },
  { "short_name": "Cianorte", "full_name": "Cianorte Futebol Clube", "city": "Cianorte", "state": "PR", "founded": 2002, "status": "active", "wikipedia_page": "Cianorte Futebol Clube", "slug": "cianorte", "typeSlug": ".png", "site": null, "uniforme": "","anthem": { "title": "Hino do Cianorte", "lyrics_url": "https://pt.wikipedia.org/wiki/Cianorte_Futebol_Clube", "audio_url": null } },
  { "short_name": "Comercial-SP", "full_name": "Comercial Futebol Clube (Ribeirão Preto)", "city": "Ribeirão Preto", "state": "SP", "founded": 1911, "status": "active", "wikipedia_page": "Comercial_Futebol_Clube_(Ribeir%C3%A3o_Preto)", "slug": "comercial", "typeSlug": ".png", "site": null, "uniforme": "", "anthem": { "title": "Hino do Comercial", "lyrics_url": "https://pt.wikipedia.org/wiki/Comercial_Futebol_Clube_(Ribeir%C3%A3o_Preto)", "audio_url": null } },
  { "short_name": "Concórdia", "full_name": "Concórdia Atlético Clube", "city": "Concórdia", "state": "SC", "founded": 1970, "status": "active", "wikipedia_page": "Concórdia Atlético Clube", "slug": "concordia", "typeSlug": ".png", "site": null, "uniforme": "","anthem": { "title": "Hino do Concórdia", "lyrics_url": "https://pt.wikipedia.org/wiki/Conc%C3%B3rdia_Atl%C3%A9tico_Clube", "audio_url": null } },
  { "short_name": "Confiança", "full_name": "Associação Desportiva Confiança", "city": "Aracaju", "state": "SE", "founded": 1936, "status": "active", "wikipedia_page": "Associação Desportiva Confiança", "slug": "confianca", "typeSlug": ".png", "site": null, "uniforme": "","anthem": { "title": "Hino do Confiança", "lyrics_url": "https://pt.wikipedia.org/wiki/Associa%C3%A7%C3%A3o_Desportiva_Confian%C3%A7a", "audio_url": null } },
  { "short_name": "Corinthians", "full_name": "Sport Club Corinthians Paulista", "city": "São Paulo", "state": "SP", "founded": 1910, "status": "active", "wikipedia_page": "Sport Club Corinthians Paulista", "slug": "corinthians", "typeSlug": ".png", "site": "https://www.corinthians.com.br/", "uniforme": "corinthians","anthem": { "title": "Hino do Corinthians", "lyrics_url": "https://pt.wikipedia.org/wiki/Sport_Club_Corinthians_Paulista", "audio_url": null } },
  { "short_name": "Coritiba", "full_name": "Coritiba Foot Ball Club", "city": "Curitiba", "state": "PR", "founded": 1909, "status": "active", "wikipedia_page": "Coritiba Foot Ball Club", "slug": "coritiba", "typeSlug": ".png", "site": null, "uniforme": "","anthem": { "title": "Hino do Coritiba", "lyrics_url": "https://pt.wikipedia.org/wiki/Coritiba_Foot_Ball_Club", "audio_url": null } },
  { "short_name": "CRB", "full_name": "Clube de Regatas Brasil", "city": "Maceió", "state": "AL", "founded": 1912, "status": "active", "wikipedia_page": "Clube de Regatas Brasil", "slug": "crb", "typeSlug": ".png", "site": null, "uniforme": "","anthem": { "title": "Hino do CRB", "lyrics_url": "https://pt.wikipedia.org/wiki/Clube_de_Regatas_Brasil", "audio_url": null } },
  { "short_name": "Criciúma", "full_name": "Criciúma Esporte Clube", "city": "Criciúma", "state": "SC", "founded": 1947, "status": "active", "wikipedia_page": "Criciúma Esporte Clube", "slug": "criciuma", "typeSlug": ".png", "site": "https://www.criciumaec.com.br", "uniforme": "criciuma","anthem": { "title": "Hino do Criciúma", "lyrics_url": "https://pt.wikipedia.org/wiki/Crici%C3%BAma_Esporte_Clube", "audio_url": null } },
  { "short_name": "Cruzeiro", "full_name": "Cruzeiro Esporte Clube", "city": "Belo Horizonte", "state": "MG", "founded": 1921, "status": "active", "wikipedia_page": "Cruzeiro Esporte Clube", "slug": "cruzeiro", "typeSlug": ".png", "site": null, "uniforme": "","anthem": { "title": "Hino do Cruzeiro", "lyrics_url": "https://pt.wikipedia.org/wiki/Cruzeiro_Esporte_Clube", "audio_url": null } },
  { "short_name": "CSA", "full_name": "Centro Sportivo Alagoano", "city": "Maceió", "state": "AL", "founded": 1913, "status": "active", "wikipedia_page": "Centro Sportivo Alagoano", "slug": "csa", "typeSlug": ".png", "site": null, "uniforme": "","anthem": { "title": "Hino do CSA", "lyrics_url": "https://pt.wikipedia.org/wiki/Centro_Sportivo_Alagoano", "audio_url": null } },
  { "short_name": "Cuiabá", "full_name": "Cuiabá Esporte Clube", "city": "Cuiabá", "state": "MT", "founded": 2001, "status": "active", "wikipedia_page": "Cuiabá Esporte Clube", "slug": "cuiaba", "typeSlug": ".png", "site": null, "uniforme": "","anthem": { "title": "Hino do Cuiabá", "lyrics_url": "https://pt.wikipedia.org/wiki/Cuiab%C3%A1_Esporte_Clube", "audio_url": null } },
  
  { "short_name": "Democrata-GV", "full_name": "Democrata Futebol Clube (Governador Valadares)", "city": "Governador Valadares", "state": "MG", "founded": 1932, "status": "active", "wikipedia_page": "Esporte Clube Democrata", "slug": "democratasgv", "typeSlug": ".png", "site": null, "uniforme": "","anthem": { "title": "Hino do Democrata-GV", "lyrics_url": "https://pt.wikipedia.org/wiki/Democrata_Futebol_Clube_(Governador_Valadares)", "audio_url": null } },
  { "short_name": "Democrata-SL", "full_name": "Democrata Futebol Clube (Sete Lagoas)", "city": "Sete Lagoas", "state": "MG", "founded": 1914, "status": "active", "wikipedia_page": "Democrata Futebol Clube", "slug": "democratasl", "typeSlug": ".png", "site": null, "uniforme": "","anthem": null },
  { "short_name": "Desportiva", "full_name": "Associação Desportiva Ferroviária Vale do Rio Doce", "city": "Cariacica", "state": "ES", "founded": 1963, "status": "active", "wikipedia_page": "Associação Desportiva Ferroviária Vale do Rio Doce", "slug": "desportivaferroviaria", "typeSlug": ".png", "site": null, "uniforme": "","anthem": { "title": "Hino da Desportiva", "lyrics_url": "https://pt.wikipedia.org/wiki/Associa%C3%A7%C3%A3o_Desportiva_Ferrovi%C3%A1ria_Vale_do_Rio_Doce", "audio_url": null } },
  { "short_name": "Dom Bosco", "full_name": "Clube Esportivo Dom Bosco", "city": "Cuiabá", "state": "MT", "founded": 1925, "status": "active", "wikipedia_page": "Clube Esportivo Dom Bosco", "slug": "dombosco", "typeSlug": ".png", "site": null, "uniforme": "","anthem": null },
  { "short_name": "Duque de Caxias", "full_name": "Duque de Caxias Futebol Clube", "city": "Duque de Caxias", "state": "RJ", "founded": 2005, "status": "active", "wikipedia_page": "Duque de Caxias Futebol Clube", "slug": "duquedecaxias", "typeSlug": ".png", "site": null, "uniforme": "","anthem": { "title": "Hino do Duque de Caxias", "lyrics_url": "https://pt.wikipedia.org/wiki/Duque_de_Caxias_Futebol_Clube", "audio_url": null } },
  
  { "short_name": "Esportivo", "full_name": "Clube Esportivo Bento Gonçalves", "city": "Bento Gonçalves", "state": "RS", "founded": 1919, "status": "active", "wikipedia_page": "Clube Esportivo Bento Gonçalves", "slug": "esportivo", "typeSlug": ".png", "site": null, "uniforme": "","anthem": { "title": "Hino do Esportivo", "lyrics_url": "https://pt.wikipedia.org/wiki/Clube_Esportivo_Bento_Gon%C3%A7alves", "audio_url": null } },
  
  { "short_name": "Fast", "full_name": "Fast Clube", "city": "Manaus", "state": "AM", "founded": 1930, "status": "active", "wikipedia_page": "Fast Clube", "slug": "fast", "typeSlug": ".png", "site": null, "uniforme": "","anthem": null },
  { "short_name": "Ferroviária", "full_name": "Associação Ferroviária de Esportes", "city": "Araraquara", "state": "SP", "founded": 1950, "status": "active", "wikipedia_page": "Associação Ferroviária de Esportes", "slug": "ferroviaria", "typeSlug": ".png", "site": null, "uniforme": "","anthem": { "title": "Hino da Ferroviária", "lyrics_url": "https://pt.wikipedia.org/wiki/Associa%C3%A7%C3%A3o_Ferrovi%C3%A1ria_de_Esportes", "audio_url": null } },
  { "short_name": "Ferroviário", "full_name": "Ferroviário Atlético Clube (CE)", "city": "Fortaleza", "state": "CE", "founded": 1933, "status": "active", "wikipedia_page": "Ferroviário Atlético Clube (Ceará)", "slug": "ferroviario", "typeSlug": ".png", "site": null, "uniforme": "","anthem": { "title": "Hino do Ferroviário-CE", "lyrics_url": "https://pt.wikipedia.org/wiki/Ferrovi%C3%A1rio_Atl%C3%A9tico_Clube_(Cear%C3%A1)", "audio_url": null } },
  { "short_name": "Ferroviário", "full_name": "Clube Atlético Ferroviário", "city": "Curitiba", "state": "PR", "founded": 1930, "status": "active", "wikipedia_page": "Clube Atlético Ferroviário", "slug": "ferroviariopr", "typeSlug": ".png", "site": null, "uniforme": "","anthem": { "title": "Hino do Ferroviário de Paragominas", "lyrics_url": "https://pt.wikipedia.org/wiki/Ferrovi%C3%A1rio_Atl%C3%A9tico_Clube_(Paragominas)", "audio_url": null } },
  { "short_name": "Figueirense", "full_name": "Figueirense Futebol Clube", "city": "Florianópolis", "state": "SC", "founded": 1921, "status": "active", "wikipedia_page": "Figueirense Futebol Clube", "slug": "figueirense", "typeSlug": ".png", "site": null, "uniforme": "","anthem": { "title": "Hino do Figueirense", "lyrics_url": "https://pt.wikipedia.org/wiki/Figueirense_Futebol_Clube", "audio_url": null } },
  { "short_name": "Flamengo", "full_name": "Clube de Regatas do Flamengo", "city": "Rio de Janeiro", "state": "RJ", "founded": 1895, "status": "active", "wikipedia_page": "Clube de Regatas do Flamengo", "slug": "flamengo", "typeSlug": ".png", "site": null, "uniforme": "","anthem": { "title": "Hino do Flamengo", "lyrics_url": "https://pt.wikipedia.org/wiki/Clube_de_Regatas_do_Flamengo", "audio_url": null } },
  { "short_name": "Floresta", "full_name": "Floresta Esporte Clube", "city": "Fortaleza", "state": "CE", "founded": 1954, "status": "active", "wikipedia_page": "Floresta Esporte Clube", "slug": "floresta", "typeSlug": ".png", "site": null, "uniforme": "","anthem": { "title": "Hino do Floresta", "lyrics_url": "https://pt.wikipedia.org/wiki/Floresta_Esporte_Clube", "audio_url": null } },
  { "short_name": "Fluminense", "full_name": "Fluminense de Feira Futebol Clube", "city": "Feira de Santana", "state": "BA", "founded": 1931, "status": "active", "wikipedia_page": "Fluminense de Feira Futebol Clube", "slug": "fluminensedefeira", "typeSlug": ".png", "site": null, "uniforme": "","anthem": { "title": "Hino do Bahia de Feira", "lyrics_url": "https://pt.wikipedia.org/wiki/Fluminense_de_Feira_Futebol_Clube", "audio_url": null } },
  { "short_name": "Fluminense", "full_name": "Fluminense Football Club", "city": "Rio de Janeiro", "state": "RJ", "founded": 1902, "status": "active", "wikipedia_page": "Fluminense Football Club", "slug": "fluminense", "typeSlug": ".png", "site": null, "uniforme": "","anthem": { "title": "Hino do Fluminense", "lyrics_url": "https://pt.wikipedia.org/wiki/Fluminense_Football_Club", "audio_url": null } },
  { "short_name": "Fortaleza", "full_name": "Fortaleza Esporte Clube", "city": "Fortaleza", "state": "CE", "founded": 1918, "status": "active", "wikipedia_page": "Fortaleza Esporte Clube", "slug": "fortaleza", "typeSlug": ".png", "site": null, "uniforme": "","anthem": { "title": "Hino do Fortaleza", "lyrics_url": "https://pt.wikipedia.org/wiki/Fortaleza_Esporte_Clube", "audio_url": null } },
  
  { "short_name": "Galvez", "full_name": "Galvez Esporte Clube", "city": "Rio Branco", "state": "AC", "founded": 2011, "status": "active", "wikipedia_page": "Galvez Esporte Clube", "slug": "galvez", "typeSlug": ".png", "site": null, "uniforme": "","anthem": null },
  { "short_name": "Globo", "full_name": "Globo Futebol Clube", "city": "Ceará-Mirim", "state": "RN", "founded": 2012, "status": "active", "wikipedia_page": "Globo Futebol Clube", "slug": "globo", "typeSlug": ".png", "site": null, "uniforme": "globo","anthem": null },
  { "short_name": "Goiás", "full_name": "Goiás Esporte Clube", "city": "Goiânia", "state": "GO", "founded": 1943, "status": "active", "wikipedia_page": "Goiás Esporte Clube", "slug": "goias", "typeSlug": ".png", "site": null, "uniforme": "","anthem": { "title": "Hino do Goiás", "lyrics_url": "https://pt.wikipedia.org/wiki/Goi%C3%A1s_Esporte_Clube", "audio_url": null } },
  { "short_name": "Grêmio", "full_name": "Grêmio Foot-Ball Porto Alegrense", "city": "Porto Alegre", "state": "RS", "founded": 1903, "status": "active", "wikipedia_page": "Grêmio Foot-Ball Porto Alegrense", "slug": "gremio", "typeSlug": ".png", "site": null, "uniforme": "","anthem": { "title": "Hino do Grêmio", "lyrics_url": "https://pt.wikipedia.org/wiki/Gr%C3%AAmio_Foot-Ball_Porto_Alegrense", "audio_url": null } },
  { "short_name": "Guarani", "full_name": "Guarani Futebol Clube", "city": "Campinas", "state": "SP", "founded": 1911, "status": "active", "wikipedia_page": "Guarani Futebol Clube", "slug": "guarani", "typeSlug": ".png", "site": "https://www.guaranifc.com.br", "uniforme": "guarani","anthem": { "title": "Hino do Guarani", "lyrics_url": "https://pt.wikipedia.org/wiki/Guarani_Futebol_Clube", "audio_url": null } },
  { "short_name": "Guarany-Bagé", "full_name": "Guarany Futebol Clube (Bagé)", "city": "Bagé", "state": "RS", "founded": 1907, "status": "active", "wikipedia_page": "Guarany Futebol Clube (Bagé)", "slug": "guaranyba", "typeSlug": ".png", "site": null, "uniforme": "","anthem": null },
  { "short_name": "Guarany-Sob", "full_name": "Guarany Sporting Club (Sobral)", "city": "Sobral", "state": "CE", "founded": 1938, "status": "active", "wikipedia_page": "Guarany Sporting Club (Sobral)", "slug": "guaranysobral", "typeSlug": ".png", "site": null, "uniforme": "","anthem": null },
  
  { "short_name": "Hercílio Luz", "full_name": "Hercílio Luz Futebol Clube", "city": "Tubarão", "state": "SC", "founded": 1918, "status": "active", "wikipedia_page": "Hercílio Luz Futebol Clube", "slug": "hercilio", "typeSlug": ".png", "site": null, "uniforme": "","anthem": { "title": "Hino do Hercílio Luz", "lyrics_url": "https://pt.wikipedia.org/wiki/Herc%C3%ADlio_Luz_Futebol_Clube", "audio_url": null } },
  { "short_name": "Horizonte", "full_name": "Horizonte Futebol Clube", "city": "Horizonte", "state": "CE", "founded": 1933, "status": "active", "wikipedia_page": "Horizonte Futebol Clube", "slug": "horizonte", "typeSlug": ".png", "site": null, "uniforme": "","anthem": null },
  { "short_name": "Humaitá", "full_name": "Sport Clube Humaitá", "city": "Porto Velho", "state": "RO", "founded": 2016, "status": "active", "wikipedia_page": "Sport Clube Humaitá", "slug": "humaita", "typeSlug": ".png", "site": null, "uniforme": "","anthem": { "title": "Hino do Humaitá", "lyrics_url": "https://pt.wikipedia.org/wiki/Sport_Club_Humait%C3%A1", "audio_url": null } },
  
  { "short_name": "Icasa", "full_name": "Associação Desportiva Recreativa e Cultural Icasa", "city": "Juazeiro do Norte", "state": "CE", "founded": 2002, "status": "active", "wikipedia_page": "Associação Desportiva Recreativa e Cultural Icasa", "slug": "icasa", "typeSlug": ".png", "site": null, "uniforme": "","anthem": { "title": "Hino do Icasa", "lyrics_url": "https://pt.wikipedia.org/wiki/Associa%C3%A7%C3%A3o_Desportiva_Recreativa_e_Cultural_Icasa", "audio_url": null } },
  { "short_name": "Iguatu", "full_name": "Associação Desportiva Iguatu", "city": "Iguatu", "state": "CE", "founded": 2002, "status": "active", "wikipedia_page": "Associação Desportiva Iguatu", "slug": "iguatu", "typeSlug": ".png", "site": null, "uniforme": "","anthem": { "title": "Hino do Iguatu", "lyrics_url": "https://pt.wikipedia.org/wiki/Iguatu_Esporte_Clube", "audio_url": null } },
  { "short_name": "Independente", "full_name": "Independente Futebol Clube (Limeira)", "city": "Limeira", "state": "SP", "founded": 1944, "status": "active", "wikipedia_page": "Independente Futebol Clube (Limeira)", "slug": "independentelimeira", "typeSlug": ".png", "site": null, "uniforme": "","anthem": null },
  { "short_name": "Inter de Limeira", "full_name": "Associação Atlética Internacional (Limeira)", "city": "Limeira", "state": "SP", "founded": 1913, "status": "active", "wikipedia_page": "Associação Atlética Internacional (Limeira)", "slug": "internacionallimeira", "typeSlug": ".png", "site": null, "uniforme": "","anthem": { "title": "Hino da Inter de Limeira", "lyrics_url": "https://pt.wikipedia.org/wiki/Associa%C3%A7%C3%A3o_Atl%C3%A9tica_Internacional_(Limeira)", "audio_url": null } },
  { "short_name": "Inter-bebe", "full_name": "Associação Atlética Internacional (Bebedouro)", "city": "Bebedouro", "state": "SP", "founded": 1906, "status": "active", "wikipedia_page": "Associação Atlética Internacional (Bebedouro)", "slug": "interbebedouro", "typeSlug": ".png", "site": null, "uniforme": "","anthem": null },
  { "short_name": "Internacional", "full_name": "Sport Club Internacional", "city": "Porto Alegre", "state": "RS", "founded": 1909, "status": "active", "wikipedia_page": "Sport Club Internacional", "slug": "internacional", "typeSlug": ".png", "site": null, "uniforme": "","anthem": { "title": "Hino do Internacional", "lyrics_url": "https://pt.wikipedia.org/wiki/Sport_Club_Internacional", "audio_url": null } },
  { "short_name": "Ipatinga", "full_name": "Ipatinga Futebol Clube", "city": "Ipatinga", "state": "MG", "founded": 1998, "status": "active", "wikipedia_page": "Ipatinga Futebol Clube", "slug": "ipatinga", "typeSlug": ".png", "site": null, "uniforme": "","anthem": { "title": "Hino do Ipatinga", "lyrics_url": "https://pt.wikipedia.org/wiki/Ipatinga_Futebol_Clube", "audio_url": null } },
  { "short_name": "Iporá", "full_name": "Iporá Esporte Clube", "city": "Iporá", "state": "GO", "founded": 2000, "status": "active", "wikipedia_page": "Iporá Esporte Clube", "slug": "ipora", "typeSlug": ".png", "site": null, "uniforme": "","anthem": { "title": "Hino do Iporá", "lyrics_url": "https://pt.wikipedia.org/wiki/Ipor%C3%A1_Esporte_Clube", "audio_url": null } },
  { "short_name": "Itabaiana", "full_name": "Associação Olímpica de Itabaiana", "city": "Itabaiana", "state": "SE", "founded": 1938, "status": "active", "wikipedia_page": "Associação Olímpica de Itabaiana", "slug": "itabaiana", "typeSlug": ".png", "site": null, "uniforme": "","anthem": { "title": "Hino do Itabaiana", "lyrics_url": "https://pt.wikipedia.org/wiki/Associa%C3%A7%C3%A3o_Ol%C3%ADmpica_de_Itabaiana", "audio_url": null } },
  { "short_name": "Itabuna", "full_name": "Itabuna Esporte Clube", "city": "Itabuna", "state": "BA", "founded": 1968, "status": "active", "wikipedia_page": "Itabuna Esporte Clube", "slug": "itabuna", "typeSlug": ".png", "site": null, "uniforme": "", "anthem": { "title": "Hino do Itabuna", "lyrics_url": "https://pt.wikipedia.org/wiki/Itabuna_Esporte_Clube", "audio_url": null } },
  { "short_name": "Ituano", "full_name": "Ituano Futebol Clube", "city": "Itu", "state": "SP", "founded": 1947, "status": "active", "wikipedia_page": "Ituano Futebol Clube", "slug": "ituano", "typeSlug": ".png", "site": null, "uniforme": "","anthem": { "title": "Hino do Ituano", "lyrics_url": "https://pt.wikipedia.org/wiki/Ituano_Futebol_Clube", "audio_url": null } },
  { "short_name": "Ivinhema", "full_name": "Ivinhema Futebol Clube", "city": "Ivinhema", "state": "MS", "founded": 2006, "status": "active", "wikipedia_page": "Ivinhema Futebol Clube", "slug": "ivinhema", "typeSlug": ".png", "site": null, "uniforme": "","anthem": null },
  
  { "short_name": "Jacuipense", "full_name": "Esporte Clube Jacuipense", "city": "Riachão do Jacuípe", "state": "BA", "founded": 1965, "status": "active", "wikipedia_page": "Esporte Clube Jacuipense", "slug": "jacuipense", "typeSlug": ".png", "site": null, "uniforme": "","anthem": { "title": "Hino do Jacuipense", "lyrics_url": "https://pt.wikipedia.org/wiki/Esporte_Clube_Jacuipense", "audio_url": null } },
  { "short_name": "Ji-Paraná", "full_name": "Ji-Paraná Futebol Clube", "city": "Ji-Paraná", "state": "RO", "founded": 1991, "status": "active", "wikipedia_page": "Ji-Paraná Futebol Clube", "slug": "paranafutebolclube", "typeSlug": ".png", "site": null, "uniforme": "","anthem": null },
  { "short_name": "Joinville", "full_name": "Joinville Esporte Clube", "city": "Joinville", "state": "SC", "founded": 1976, "status": "active", "wikipedia_page": "Joinville Esporte Clube", "slug": "joinville", "typeSlug": ".png", "site": null, "uniforme": "","anthem": { "title": "Hino do Joinville", "lyrics_url": "https://pt.wikipedia.org/wiki/Joinville_Esporte_Clube", "audio_url": null } },
  { "short_name": "Juazeirense", "full_name": "Sociedade Desportiva Juazeirense", "city": "Juazeiro", "state": "BA", "founded": 2006, "status": "active", "wikipedia_page": "Sociedade Desportiva Juazeirense", "slug": "juazeirense", "typeSlug": ".png", "site": null, "uniforme": "","anthem": { "title": "Hino do Juazeirense", "lyrics_url": "https://pt.wikipedia.org/wiki/Sociedade_Desportiva_Juazeirense", "audio_url": null } },
  { "short_name": "Juventude", "full_name": "Esporte Clube Juventude", "city": "Caxias do Sul", "state": "RS", "founded": 1913, "status": "active", "wikipedia_page": "Esporte Clube Juventude", "slug": "juventude", "typeSlug": ".png", "site": null, "uniforme": "","anthem": { "title": "Hino do Juventude", "lyrics_url": "https://pt.wikipedia.org/wiki/Esporte_Clube_Juventude", "audio_url": null } },
  { "short_name": "Juventus-SC", "full_name": "Clube Atlético Juventus (SC)", "city": "Jaraguá do Sul", "state": "SC", "founded": 1966, "status": "active", "wikipedia_page": "Clube Atlético Juventus (SC)", "slug": "juventusjaragua", "typeSlug": ".png", "site": null, "uniforme": "","anthem": null },
  { "short_name": "Juventus-SP", "full_name": "Clube Atlético Juventus", "city": "São Paulo", "state": "SP", "founded": 1924, "status": "active", "wikipedia_page": "Clube Atlético Juventus", "slug": "juventus", "typeSlug": ".png", "site": null, "uniforme": "","anthem": { "title": "Hino do Juventus-SP", "lyrics_url": "https://pt.wikipedia.org/wiki/Clube_Atl%C3%A9tico_Juventus", "audio_url": null } },
  
  { "short_name": "Londrina", "full_name": "Londrina Esporte Clube", "city": "Londrina", "state": "PR", "founded": 1956, "status": "active", "wikipedia_page": "Londrina Esporte Clube", "slug": "londrina", "typeSlug": ".png", "site": null, "uniforme": "","anthem": { "title": "Hino do Londrina", "lyrics_url": "https://pt.wikipedia.org/wiki/Londrina_Esporte_Clube", "audio_url": null } },
  { "short_name": "Linense", "full_name": "Clube Atlético Linense", "city": "Lins", "state": "SP", "founded": 1927, "status": "active", "wikipedia_page": "Clube_Atl%C3%A9tico_Linense", "slug": "linense", "typeSlug": ".png", "site": null, "uniforme": "", "anthem": { "title": "Hino do Linense", "lyrics_url": "https://pt.wikipedia.org/wiki/Clube_Atl%C3%A9tico_Linense", "audio_url": null } },
  { "short_name": "Luverdense", "full_name": "Luverdense Esporte Clube", "city": "Lucas do Rio Verde", "state": "MT", "founded": 2004, "status": "inactive", "wikipedia_page": "Luverdense Esporte Clube", "slug": "luverdense", "typeSlug": ".png", "site": null, "uniforme": "","anthem": null },
  
  { "short_name": "Madureira", "full_name": "Madureira Esporte Clube", "city": "Rio de Janeiro", "state": "RJ", "founded": 1914, "status": "active", "wikipedia_page": "Madureira Esporte Clube", "slug": "madureira", "typeSlug": ".png", "site": null, "uniforme": "","anthem": { "title": "Hino do Madureira", "lyrics_url": "https://pt.wikipedia.org/wiki/Madureira_Esporte_Clube", "audio_url": null } },
  { "short_name": "Manaus", "full_name": "Manaus Futebol Clube", "city": "Manaus", "state": "AM", "founded": 2013, "status": "active", "wikipedia_page": "Manaus Futebol Clube", "slug": "manaus", "typeSlug": ".png", "site": null, "uniforme": "","anthem": { "title": "Hino do Manaus", "lyrics_url": "https://pt.wikipedia.org/wiki/Manaus_Futebol_Clube", "audio_url": null } },
  { "short_name": "Maracanã", "full_name": "Maracanã Esporte Clube", "city": "Maracanaú", "state": "CE", "founded": 2005, "status": "active", "wikipedia_page": "Maracanã Esporte Clube", "slug": "maracana", "typeSlug": ".png", "site": null, "uniforme": "", "anthem": { "title": "Hino do Maracanã", "lyrics_url": "https://pt.wikipedia.org/wiki/Maracan%C3%A3_Esporte_Clube", "audio_url": null } },
  { "short_name": "Maranhão", "full_name": "Maranhão Atlético Clube", "city": "São Luís", "state": "MA", "founded": 1932, "status": "active", "wikipedia_page": "Maranhão Atlético Clube", "slug": "maranhao", "typeSlug": ".png", "site": null, "uniforme": "","anthem": { "title": "Hino do Maranhão", "lyrics_url": "https://pt.wikipedia.org/wiki/Maranh%C3%A3o_Atl%C3%A9tico_Clube", "audio_url": null } },
  { "short_name": "Marcílio Dias", "full_name": "Clube Náutico Marcílio Dias", "city": "Itajaí", "state": "SC", "founded": 1919, "status": "active", "wikipedia_page": "Clube Náutico Marcílio Dias", "slug": "nauticomarcilio", "typeSlug": ".png", "site": null, "uniforme": "","anthem": { "title": "Hino do Marcílio Dias", "lyrics_url": "https://pt.wikipedia.org/wiki/Clube_N%C3%A1utico_Marc%C3%ADlio_Dias", "audio_url": null } },
  { "short_name": "Marília", "full_name": "Marília Atlético Clube", "city": "Marília", "state": "SP", "founded": 1942, "status": "active", "wikipedia_page": "Marília Atlético Clube", "slug": "marilia", "typeSlug": ".png", "site": null, "uniforme": "","anthem": { "title": "Hino do Marília", "lyrics_url": "https://pt.wikipedia.org/wiki/Mar%C3%ADlia_Atl%C3%A9tico_Clube", "audio_url": null } },
  { "short_name": "Mirassol", "full_name": "Mirassol Futebol Clube", "city": "Mirassol", "state": "SP", "founded": 1925, "status": "active", "wikipedia_page": "Mirassol Futebol Clube", "slug": "mirassol", "typeSlug": ".png", "site": null, "uniforme": "","anthem": { "title": "Hino do Mirassol", "lyrics_url": "https://pt.wikipedia.org/wiki/Mirassol_Futebol_Clube", "audio_url": null } },
  { "short_name": "Mixto", "full_name": "Mixto Esporte Clube", "city": "Cuiabá", "state": "MT", "founded": 1934, "status": "active", "wikipedia_page": "Mixto Esporte Clube", "slug": "mixto", "typeSlug": ".png", "site": null, "uniforme": "","anthem": { "title": "Hino do Mixto", "lyrics_url": "https://pt.wikipedia.org/wiki/Mixto_Esporte_Clube", "audio_url": null } },
  { "short_name": "Moto Club", "full_name": "Moto Club de São Luís", "city": "São Luís", "state": "MA", "founded": 1937, "status": "active", "wikipedia_page": "Moto Club de São Luís", "slug": "motoclub", "typeSlug": ".png", "site": null, "uniforme": "","anthem": { "title": "Hino do Moto Club", "lyrics_url": "https://pt.wikipedia.org/wiki/Moto_Club_de_S%C3%A3o_Lu%C3%ADs", "audio_url": null } },
  
  { "short_name": "Náutico", "full_name": "Clube Náutico Capibaribe", "city": "Recife", "state": "PE", "founded": 1901, "status": "active", "wikipedia_page": "Clube Náutico Capibaribe", "slug": "nautico", "typeSlug": ".png", "site": null, "uniforme": "","anthem": { "title": "Hino do Náutico", "lyrics_url": "https://pt.wikipedia.org/wiki/Clube_N%C3%A1utico_Capibaribe", "audio_url": null } },
  { "short_name": "Nacional-AM", "full_name": "Nacional Futebol Clube (AM)", "city": "Manaus", "state": "AM", "founded": 1913, "status": "active", "wikipedia_page": "Nacional Futebol Clube (Amazonas)", "slug": "nacionalamazonas", "typeSlug": ".png", "site": null, "uniforme": "","anthem": { "title": "Hino do Nacional-AM", "lyrics_url": "https://pt.wikipedia.org/wiki/Nacional_Futebol_Clube_(Amazonas)", "audio_url": null } },
  { "short_name": "Nacional de Patos", "full_name": "Nacional Atlético Clube (Patos)", "city": "Patos", "state": "PB", "founded": 1961, "status": "active", "wikipedia_page": "Nacional_Atl%C3%A9tico_Clube_(Patos)", "slug": "nacionalpatos", "typeSlug": ".png", "site": null, "uniforme": "", "anthem": { "title": "Hino do Nacional de Patos", "lyrics_url": "https://pt.wikipedia.org/wiki/Nacional_Atl%C3%A9tico_Clube_(Patos)", "audio_url": null } },
  { "short_name": "Nova Iguaçu", "full_name": "Nova Iguaçu Futebol Clube", "city": "Nova Iguaçu", "state": "RJ", "founded": 1990, "status": "active", "wikipedia_page": "Nova Iguaçu Futebol Clube", "slug": "novaiguacu", "typeSlug": ".png", "site": null, "uniforme": "","anthem": { "title": "Hino do Nova Iguaçu", "lyrics_url": "https://pt.wikipedia.org/wiki/Nova_Igua%C3%A7u_Futebol_Clube", "audio_url": null } },
  { "short_name": "Noroeste", "full_name": "Esporte Clube Noroeste", "city": "Bauru", "state": "SP", "founded": 1910, "status": "active", "wikipedia_page": "Esporte_Clube_Noroeste", "slug": "noroeste", "typeSlug": ".png", "site": "https://ecnoroeste.com.br", "uniforme": "", "anthem": { "title": "Hino do Noroeste", "lyrics_url": "https://pt.wikipedia.org/wiki/Esporte_Clube_Noroeste", "audio_url": null } },
  { "short_name": "Novo Hamburgo", "full_name": "Esporte Clube Novo Hamburgo", "city": "Novo Hamburgo", "state": "RS", "founded": 1911, "status": "active", "wikipedia_page": "Esporte Clube Novo Hamburgo", "slug": "novohamburgo", "typeSlug": ".png", "site": null, "uniforme": "","anthem": { "title": "Hino do Novo Hamburgo", "lyrics_url": "https://pt.wikipedia.org/wiki/Esporte_Clube_Novo_Hamburgo", "audio_url": null } },
  { "short_name": "Novorizontino", "full_name": "Grêmio Novorizontino", "city": "Novo Horizonte", "state": "SP", "founded": 2010, "status": "active", "wikipedia_page": "Grêmio Novorizontino", "slug": "novorizontino", "typeSlug": ".png", "site": null, "uniforme": "","anthem": { "title": "Hino do Novorizontino", "lyrics_url": "https://pt.wikipedia.org/wiki/Gr%C3%AAmio_Novorizontino", "audio_url": null } },
  
  { "short_name": "Oeste", "full_name": "Oeste Futebol Clube", "city": "Barueri", "state": "SP", "founded": 1921, "status": "inactive", "wikipedia_page": "Oeste Futebol Clube", "slug": "oeste", "typeSlug": ".png", "site": null, "uniforme": "","anthem": { "title": "Hino do Oeste", "lyrics_url": "https://pt.wikipedia.org/wiki/Oeste_Futebol_Clube", "audio_url": null } },
  { "short_name": "Olaria", "full_name": "Olaria Atlético Clube", "city": "Rio de Janeiro", "state": "RJ", "founded": 1915, "status": "active", "wikipedia_page": "Olaria Atlético Clube", "slug": "olaria", "typeSlug": ".png", "site": null, "uniforme": "","anthem": { "title": "Hino do Olaria", "lyrics_url": "https://pt.wikipedia.org/wiki/Olaria_Atl%C3%A9tico_Clube", "audio_url": null } },
  { "short_name": "Operário-MS", "full_name": "Operário Futebol Clube (MS)", "city": "Campo Grande", "state": "MS", "founded": 1938, "status": "active", "wikipedia_page": "Operário Futebol Clube (Mato Grosso do Sul)", "slug": "operarioms", "typeSlug": ".png", "site": null, "uniforme": "","anthem": { "title": "Hino do Operário-MS", "lyrics_url": "https://pt.wikipedia.org/wiki/Oper%C3%A1rio_Futebol_Clube_(Mato_Grosso_do_Sul)", "audio_url": null } },
  { "short_name": "Operário-MT", "full_name": "Operário Futebol Clube (Várzea Grande)", "city": "Várzea Grande", "state": "MT", "founded": 2002, "status": "active", "wikipedia_page": "Operário Futebol Clube (Várzea Grande)", "slug": "operariovarzeagrande", "typeSlug": ".png", "site": null, "uniforme": "","anthem": null },
  { "short_name": "Operário-PR", "full_name": "Operário Ferroviário Esporte Clube", "city": "Ponta Grossa", "state": "PR", "founded": 1912, "status": "active", "wikipedia_page": "Operário Ferroviário Esporte Clube", "slug": "operarioferroviario", "typeSlug": ".png", "site": null, "uniforme": "","anthem": { "title": "Hino do Operário-PR", "lyrics_url": "https://pt.wikipedia.org/wiki/Oper%C3%A1rio_Ferrovi%C3%A1rio_Esporte_Clube", "audio_url": null } },
  { "short_name": "Osasco", "full_name": "Osasco Sporting", "city": "Barueri", "state": "SP", "founded": 2025, "status": "active", "wikipedia_page": "Osasco Sporting", "slug": "osasco", "typeSlug": ".png", "site": null, "uniforme": "","anthem": { "title": "Hino do Oeste", "lyrics_url": "https://pt.wikipedia.org/wiki/Oeste_Futebol_Clube", "audio_url": null } },
  
  { "short_name": "Pacajus", "full_name": "Pacajus Esporte Clube", "city": "Pacajus", "state": "CE", "founded": 2017, "status": "active", "wikipedia_page": "Pacajus Esporte Clube", "slug": "pacajus", "typeSlug": ".png", "site": null, "uniforme": "","anthem": { "title": "Hino do Pacajus", "lyrics_url": "https://pt.wikipedia.org/wiki/Pacajus_Esporte_Clube", "audio_url": null } },
  { "short_name": "Palmeiras", "full_name": "Sociedade Esportiva Palmeiras", "city": "São Paulo", "state": "SP", "founded": 1914, "status": "active", "wikipedia_page": "Sociedade Esportiva Palmeiras", "slug": "palmeira", "typeSlug": ".png", "site": null, "uniforme": "","anthem": { "title": "Hino do Palmeiras", "lyrics_url": "https://pt.wikipedia.org/wiki/Sociedade_Esportiva_Palmeiras", "audio_url": null } },
  { "short_name": "Paragominas", "full_name": "Paragominas Futebol Clube", "city": "Paragominas", "state": "PA", "founded": 1957, "status": "active", "wikipedia_page": "Paragominas Futebol Clube", "slug": "paragominas", "typeSlug": ".png", "site": null, "uniforme": "","anthem": { "title": "Paragominas Futebol Clube", "lyrics_url": "https://pt.wikipedia.org/wiki/Paragominas_Futebol_Clube", "audio_url": null } },
  { "short_name": "Paraná", "full_name": "Paraná Clube", "city": "Curitiba", "state": "PR", "founded": 1989, "status": "inactive", "wikipedia_page": "Paraná Clube", "slug": "paranaclube", "typeSlug": ".png", "site": null, "uniforme": "","anthem": { "title": "Hino do Paraná", "lyrics_url": "https://pt.wikipedia.org/wiki/Paran%C3%A1_Clube", "audio_url": null } },
  { "short_name": "Patrocinense", "full_name": "Clube Atlético Patrocinense", "city": "Patrocínio", "state": "MG", "founded": 1979, "status": "active", "wikipedia_page": "Clube Atlético Patrocinense", "slug": "patrocinense", "typeSlug": ".png", "site": null, "uniforme": "","anthem": { "title": "Hino do Patrocinense", "lyrics_url": "https://pt.wikipedia.org/wiki/Clube_Atl%C3%A9tico_Patrocinense", "audio_url": null } },
  { "short_name": "Paysandu", "full_name": "Paysandu Sport Club", "city": "Belém", "state": "PA", "founded": 1914, "status": "active", "wikipedia_page": "Paysandu Sport Club", "slug": "paysandu", "typeSlug": ".png", "site": null, "uniforme": "","anthem": { "title": "Hino do Paysandu", "lyrics_url": "https://pt.wikipedia.org/wiki/Paysandu_Sport_Club", "audio_url": null } },
  { "short_name": "Pelotas", "full_name": "Esporte Clube Pelotas", "city": "Pelotas", "state": "RS", "founded": 1908, "status": "active", "wikipedia_page": "Esporte_Clube_Pelotas", "slug": "pelotas", "typeSlug": ".png", "site": "https://ecpelotas.com.br", "uniforme": "", "anthem": { "title": "Hino do Pelotas", "lyrics_url": "https://pt.wikipedia.org/wiki/Esporte_Clube_Pelotas", "audio_url": null } },
  { "short_name": "Próspera", "full_name": "Esporte Clube Próspera", "city": "Criciúma", "state": "SC", "founded": 1946, "status": "active", "wikipedia_page": "Esporte Clube Próspera", "slug": "prospera", "typeSlug": ".png", "site": null, "uniforme": "","anthem": null },
  { "short_name": "Ponte Preta", "full_name": "Associação Atlética Ponte Preta", "city": "Campinas", "state": "SP", "founded": 1900, "status": "active", "wikipedia_page": "Associação Atlética Ponte Preta", "slug": "pontepreta", "typeSlug": ".png", "site": null, "uniforme": "pontepreta","anthem": { "title": "Hino da Ponte Preta", "lyrics_url": "https://pt.wikipedia.org/wiki/Associa%C3%A7%C3%A3o_Atl%C3%A9tica_Ponte_Preta", "audio_url": null } },
  { "short_name": "Potiguar de Mossoró", "full_name": "Associação Cultural e Desportiva Potiguar", "city": "Mossoró", "state": "RN", "founded": 1945, "status": "active", "wikipedia_page": "Associação Cultural e Desportiva Potiguar", "slug": "potiguar", "typeSlug": ".png", "site": null, "uniforme": "","anthem": { "title": "Hino do Potiguar", "lyrics_url": "https://pt.wikipedia.org/wiki/Associa%C3%A7%C3%A3o_Cultural_e_Desportiva_Potiguar", "audio_url": null } },
  { "short_name": "Porto Velho", "full_name": "Porto Velho Esporte Clube", "city": "Porto Velho", "state": "RO", "founded": 2018, "status": "active", "wikipedia_page": "Porto Velho Esporte Clube", "slug": "portovelho", "typeSlug": ".png", "site": null, "uniforme": "","anthem": { "title": "Hino do Porto Velho", "lyrics_url": "https://pt.wikipedia.org/wiki/Porto_Velho_Esporte_Clube", "audio_url": null } },
  { "short_name": "Portuguesa", "full_name": "Associação Portuguesa de Desportos", "city": "São Paulo", "state": "SP", "founded": 1920, "status": "active", "wikipedia_page": "Associação Portuguesa de Desportos", "slug": "portuguesa", "typeSlug": ".png", "site": null, "uniforme": "portuguesa","anthem": { "title": "Hino da Portuguesa", "lyrics_url": "https://pt.wikipedia.org/wiki/Associa%C3%A7%C3%A3o_Portuguesa_de_Desportos", "audio_url": null } },
  { "short_name": "Portuguesa Santista", "full_name": "Associação Atlética Portuguesa (Santos)", "city": "Santos", "state": "SP", "founded": 1917, "status": "active", "wikipedia_page": "Associação Atlética Portuguesa (Santos)", "slug": "portuguesasantista", "typeSlug": ".png", "site": null, "uniforme": "","anthem": { "title": "Hino da Portuguesa Santista", "lyrics_url": "https://pt.wikipedia.org/wiki/Associa%C3%A7%C3%A3o_Atl%C3%A9tica_Portuguesa_(Santos)", "audio_url": null } },
  { "short_name": "Portuguesa-RJ", "full_name": "Associação Atlética Portuguesa (RJ)", "city": "Rio de Janeiro", "state": "RJ", "founded": 1924, "status": "active", "wikipedia_page": "Associação Atlética Portuguesa (Rio de Janeiro)", "slug": "portuguesacarioca", "typeSlug": ".png", "site": null, "uniforme": "","anthem": { "title": "Hino da Portuguesa-RJ", "lyrics_url": "https://pt.wikipedia.org/wiki/Associa%C3%A7%C3%A3o_Atl%C3%A9tica_Portuguesa_(Rio_de_Janeiro)", "audio_url": null } },
  { "short_name": "Pouso Alegre", "full_name": "Pouso Alegre Futebol Clube", "city": "Pouso Alegre", "state": "MG", "founded": 1913, "status": "active", "wikipedia_page": "Pouso Alegre Futebol Clube", "slug": "pousoalegre", "typeSlug": ".png", "site": null, "uniforme": "","anthem": { "title": "Hino do Pouso Alegre", "lyrics_url": "https://pt.wikipedia.org/wiki/Pouso_Alegre_Futebol_Clube", "audio_url": null } },
  { "short_name": "Princesa do Solimões", "full_name": "Princesa do Solimões Esporte Clube", "city": "Manacapuru", "state": "AM", "founded": 1971, "status": "active", "wikipedia_page": "Princesa do Solimões Esporte Clube", "slug": "princesa", "typeSlug": ".png", "site": null, "uniforme": "","anthem": { "title": "Hino do Princesa do Solimões", "lyrics_url": "https://pt.wikipedia.org/wiki/Princesa_do_Solim%C3%B5es_Esporte_Clube", "audio_url": null } },

  { "short_name": "Real Ariquemes", "full_name": "Real Desportivo Ariquemes Futebol Clube", "city": "Ariquemes", "state": "RO", "founded": 2017, "status": "active", "wikipedia_page": "Real Desportivo Ariquemes Futebol Clube", "slug": "realariquemes", "typeSlug": ".png", "site": null, "uniforme": "","anthem": { "title": "Hino do Real Ariquemes", "lyrics_url": "https://pt.wikipedia.org/wiki/Real_Desportivo_Ariquemes_Futebol_Clube", "audio_url": null } },
  { "short_name": "Real Noroeste", "full_name": "Real Noroeste Capixaba Futebol Clube", "city": "Águia Branca", "state": "ES", "founded": 2008, "status": "active", "wikipedia_page": "Real Noroeste Capixaba Futebol Clube", "slug": "realnoroeste", "typeSlug": ".png", "site": null, "uniforme": "","anthem": { "title": "Hino do Real Noroeste", "lyrics_url": "https://pt.wikipedia.org/wiki/Real_Noroeste_Capixaba_Futebol_Clube", "audio_url": null } },
  { "short_name": "Red Bull Bragantino", "full_name": "Red Bull Bragantino", "city": "Bragança Paulista", "state": "SP", "founded": 1928, "status": "active", "wikipedia_page": "Red Bull Bragantino", "slug": "redbullbragantino", "typeSlug": ".png", "site": null, "uniforme": "","anthem": { "title": "Hino do Bragantino", "lyrics_url": "https://pt.wikipedia.org/wiki/Red_Bull_Bragantino", "audio_url": null } },
  { "short_name": "Remo", "full_name": "Clube do Remo", "city": "Belém", "state": "PA", "founded": 1905, "status": "active", "wikipedia_page": "Clube do Remo", "slug": "remo", "typeSlug": ".png", "site": null, "uniforme": "remo","anthem": { "title": "Hino do Remo", "lyrics_url": "https://pt.wikipedia.org/wiki/Clube_do_Remo", "audio_url": null } },
  { "short_name": "Retrô", "full_name": "Retrô Futebol Clube Brasil", "city": "Camaragibe", "state": "PE", "founded": 2016, "status": "active", "wikipedia_page": "Retrô Futebol Clube Brasil", "slug": "retro", "typeSlug": ".png", "site": "https://retrofcbrasil.com.br", "uniforme": "", "anthem": { "title": "Hino do Retrô", "lyrics_url": "https://pt.wikipedia.org/wiki/Retr%C3%B4_Futebol_Clube_Brasil", "audio_url": null } },
  { "short_name": "Resende", "full_name": "Resende Futebol Clube", "city": "Resende", "state": "RJ", "founded": 1941, "status": "active", "wikipedia_page": "Resende_Futebol_Clube", "slug": "resende", "typeSlug": ".png", "site": null, "uniforme": "", "anthem": { "title": "Hino do Resende", "lyrics_url": "https://pt.wikipedia.org/wiki/Resende_Futebol_Clube", "audio_url": null } },
  { "short_name": "Rio Branco-AC", "full_name": "Rio Branco Football Club", "city": "Rio Branco", "state": "AC", "founded": 1919, "status": "active", "wikipedia_page": "Rio Branco Football Club", "slug": "rbfc", "typeSlug": ".png", "site": null, "uniforme": "","anthem": { "title": "Hino do Rio Branco-AC", "lyrics_url": "https://pt.wikipedia.org/wiki/Rio_Branco_Football_Club", "audio_url": null } },
  { "short_name": "Rio Branco-ES", "full_name": "Rio Branco Atlético Clube", "city": "Vitória", "state": "ES", "founded": 1913, "status": "active", "wikipedia_page": "Rio Branco Atlético Clube", "slug": "riobranco", "typeSlug": ".png", "site": null, "uniforme": "","anthem": { "title": "Hino do Rio Branco-ES", "lyrics_url": "https://pt.wikipedia.org/wiki/Rio_Branco_Atl%C3%A9tico_Clube", "audio_url": null } },
  { "short_name": "River-PI", "full_name": "River Atlético Clube", "city": "Teresina", "state": "PI", "founded": 1946, "status": "active", "wikipedia_page": "River Atlético Clube", "slug": "river", "typeSlug": ".png", "site": null, "uniforme": "","anthem": { "title": "Hino do River-PI", "lyrics_url": "https://pt.wikipedia.org/wiki/River_Atl%C3%A9tico_Clube", "audio_url": null } },

  { "short_name": "Sampaio Corrêa", "full_name": "Sampaio Corrêa Futebol Clube", "city": "São Luís", "state": "MA", "founded": 1923, "status": "active", "wikipedia_page": "Sampaio Corrêa Futebol Clube", "slug": "sampaiocorrea", "typeSlug": ".png", "site": null, "uniforme": "","anthem": { "title": "Hino do Sampaio Corrêa", "lyrics_url": "https://pt.wikipedia.org/wiki/Sampaio_Corr%C3%AAa_Futebol_Clube", "audio_url": null } },
  { "short_name": "Santa Cruz", "full_name": "Santa Cruz Futebol Clube", "city": "Recife", "state": "PE", "founded": 1914, "status": "active", "wikipedia_page": "Santa Cruz Futebol Clube", "slug": "santacruz", "typeSlug": ".png", "site": null, "uniforme": "","anthem": { "title": "Hino do Santa Cruz", "lyrics_url": "https://pt.wikipedia.org/wiki/Santa_Cruz_Futebol_Clube", "audio_url": null } },
  { "short_name": "Santa Cruz-RS", "full_name": "Futebol Clube Santa Cruz", "city": "Santa Cruz do Sul", "state": "RS", "founded": 1913, "status": "active", "wikipedia_page": "Futebol_Clube_Santa_Cruz", "slug": "santacruzrs", "typeSlug": ".png", "site": null, "uniforme": "", "anthem": { "title": "Hino do Santa Cruz-RS", "lyrics_url": "https://pt.wikipedia.org/wiki/Futebol_Clube_Santa_Cruz", "audio_url": null } },
  { "short_name": "Santo André", "full_name": "Esporte Clube Santo André", "city": "Santo André", "state": "SP", "founded": 1967, "status": "active", "wikipedia_page": "Esporte Clube Santo André", "slug": "santoandre", "typeSlug": ".png", "site": null, "uniforme": "","anthem": { "title": "Hino do Santo André", "lyrics_url": "https://pt.wikipedia.org/wiki/Esporte_Clube_Santo_Andr%C3%A9", "audio_url": null } },
  { "short_name": "Santos", "full_name": "Santos Futebol Clube", "city": "Santos", "state": "SP", "founded": 1912, "status": "active", "wikipedia_page": "Santos Futebol Clube", "slug": "santos", "typeSlug": ".png", "site": null, "uniforme": "","anthem": { "title": "Hino do Santos", "lyrics_url": "https://pt.wikipedia.org/wiki/Santos_Futebol_Clube", "audio_url": null } },
  { "short_name": "Sâo Bento", "full_name": "Esporte Clube São Bento", "city": "Sorocaba", "state": "SP", "founded": 1913, "status": "active", "wikipedia_page": "Esporte Clube São Bento", "slug": "saobento", "typeSlug": ".png", "site": null, "uniforme": "","anthem": null },
  { "short_name": "São Bernardo", "full_name": "São Bernardo Futebol Clube", "city": "São Bernardo do Campo", "state": "SP", "founded": 2004, "status": "active", "wikipedia_page": "São Bernardo Futebol Clube", "slug": "saobernardo", "typeSlug": ".png", "site": null, "uniforme": "","anthem": { "title": "Hino do São Bernardo", "lyrics_url": "https://pt.wikipedia.org/wiki/S%C3%A3o_Bernardo_Futebol_Clube", "audio_url": null } },
  { "short_name": "São Caetano", "full_name": "Associação Desportiva São Caetano", "city": "São Caetano do Sul", "state": "SP", "founded": 1989, "status": "active", "wikipedia_page": "Associação Desportiva São Caetano", "slug": "saocaetano", "typeSlug": ".png", "site": null, "uniforme": "","anthem": { "title": "Hino do São Caetano", "lyrics_url": "https://pt.wikipedia.org/wiki/Associa%C3%A7%C3%A3o_Desportiva_S%C3%A3o_Caetano", "audio_url": null } },
  { "short_name": "São José-SP", "full_name": "São José Esporte Clube", "city": "São José dos Campos", "state": "SP", "founded": 1933, "status": "active", "wikipedia_page": "São José Esporte Clube", "slug": "saojose", "typeSlug": ".png", "site": null, "uniforme": "","anthem": null },
  { "short_name": "São José-RS", "full_name": "Esporte Clube São José", "city": "Porto Alegre", "state": "RS", "founded": 1913, "status": "active", "wikipedia_page": "Esporte Clube São José", "slug": "saojosers", "typeSlug": ".png", "site": null, "uniforme": "","anthem": { "title": "Hino do São José-RS", "lyrics_url": "https://pt.wikipedia.org/wiki/Esporte_Clube_S%C3%A3o_Jos%C3%A9", "audio_url": null } },
  { "short_name": "São Luiz", "full_name": "Esporte Clube São Luiz", "city": "Ijuí", "state": "RS", "founded": 1938, "status": "active", "wikipedia_page": "Esporte Clube São Luiz", "slug": "saoluiz", "typeSlug": ".png", "site": null, "uniforme": "","anthem": null },
  { "short_name": "São Paulo", "full_name": "São Paulo Futebol Clube", "city": "São Paulo", "state": "SP", "founded": 1930, "status": "active", "wikipedia_page": "São Paulo Futebol Clube", "slug": "saopaulo", "typeSlug": ".png", "site": null, "uniforme": "","anthem": { "title": "Hino do São Paulo", "lyrics_url": "https://pt.wikipedia.org/wiki/S%C3%A3o_Paulo_Futebol_Clube", "audio_url": null } },
  { "short_name": "São Raimundo-AM", "full_name": "São Raimundo Esporte Clube (AM)", "city": "Manaus", "state": "AM", "founded": 1918, "status": "active", "wikipedia_page": "São Raimundo Esporte Clube (Amazonas)", "slug": "saoraimundo", "typeSlug": ".png", "site": null, "uniforme": "","anthem": { "title": "Hino do São Raimundo-AM", "lyrics_url": "https://pt.wikipedia.org/wiki/S%C3%A3o_Raimundo_Esporte_Clube_(Amazonas)", "audio_url": null } },
  { "short_name": "São Raimundo-PA", "full_name": "São Raimundo Esporte Clube (PA)", "city": "Santarém", "state": "PA", "founded": 1944, "status": "active", "wikipedia_page": "São Raimundo Esporte Clube (Pará)", "slug": "saoraimundopa", "typeSlug": ".png", "site": null, "uniforme": "","anthem": { "title": "Hino do São Raimundo-PA", "lyrics_url": "https://pt.wikipedia.org/wiki/S%C3%A3o_Raimundo_Esporte_Clube_(Par%C3%A1)", "audio_url": null } },
  { "short_name": "Sergipe", "full_name": "Club Sportivo Sergipe", "city": "Aracaju", "state": "SE", "founded": 1909, "status": "active", "wikipedia_page": "Club Sportivo Sergipe", "slug": "sergipe", "typeSlug": ".png", "site": null, "uniforme": "","anthem": { "title": "Hino do Sergipe", "lyrics_url": "https://pt.wikipedia.org/wiki/Club_Sportivo_Sergipe", "audio_url": null } },
  { "short_name": "Serra", "full_name": "Serra Futebol Clube", "city": "Serra", "state": "ES", "founded": 1930, "status": "active", "wikipedia_page": "Serra Futebol Clube", "slug": "serra", "typeSlug": ".png", "site": null, "uniforme": "","anthem": { "title": "Hino do Serra", "lyrics_url": "https://pt.wikipedia.org/wiki/Serra_Futebol_Clube", "audio_url": null } },
  { "short_name": "Sousa", "full_name": "Sousa Esporte Clube", "city": "Sousa", "state": "PB", "founded": 1991, "status": "active", "wikipedia_page": "Sousa Esporte Clube", "slug": "sousa", "typeSlug": ".png", "site": null, "uniforme": "","anthem": { "title": "Hino do Sousa", "lyrics_url": "https://pt.wikipedia.org/wiki/Sousa_Esporte_Clube", "audio_url": null } },
  { "short_name": "Sport", "full_name": "Sport Club do Recife", "city": "Recife", "state": "PE", "founded": 1905, "status": "active", "wikipedia_page": "Sport Club do Recife", "slug": "sport", "typeSlug": ".png", "site": null, "uniforme": "","anthem": { "title": "Hino do Sport", "lyrics_url": "https://pt.wikipedia.org/wiki/Sport_Club_do_Recife", "audio_url": null } },

  { "short_name": "Taubaté", "full_name": "Esporte Clube Taubaté", "city": "Taubaté", "state": "SP", "founded": 1914, "status": "active", "wikipedia_page": "Esporte_Clube_Taubat%C3%A9", "slug": "taubate", "typeSlug": ".png", "site": "https://ectaubate.com.br", "uniforme": "", "anthem": { "title": "Hino do Taubaté", "lyrics_url": "https://pt.wikipedia.org/wiki/Esporte_Clube_Taubat%C3%A9", "audio_url": null } },
  { "short_name": "Trem", "full_name": "Trem Desportivo Clube", "city": "Macapá", "state": "AP", "founded": 1949, "status": "active", "wikipedia_page": "Trem Desportivo Clube", "slug": "trem", "typeSlug": ".png", "site": null, "uniforme": "","anthem": { "title": "Hino do Trem", "lyrics_url": "https://pt.wikipedia.org/wiki/Trem_Desportivo_Clube", "audio_url": null } },
  { "short_name": "Tocantinópolis", "full_name": "Tocantinópolis Esporte Clube", "city": "Tocantinópolis", "state": "TO", "founded": 1989, "status": "active", "wikipedia_page": "Tocantinópolis Esporte Clube", "slug": "tocantinopolis", "typeSlug": ".png", "site": null, "uniforme": "","anthem": { "title": "Hino do Tocantinópolis", "lyrics_url": "https://pt.wikipedia.org/wiki/Tocantin%C3%B3polis_Esporte_Clube", "audio_url": null } },
  { "short_name": "Treze", "full_name": "Treze Futebol Clube", "city": "Campina Grande", "state": "PB", "founded": 1925, "status": "active", "wikipedia_page": "Treze Futebol Clube", "slug": "treze", "typeSlug": ".png", "site": null, "uniforme": "","anthem": { "title": "Hino do Treze", "lyrics_url": "https://pt.wikipedia.org/wiki/Treze_Futebol_Clube", "audio_url": null } },
  { "short_name": "Tuna Luso", "full_name": "Tuna Luso Brasileira", "city": "Belém", "state": "PA", "founded": 1903, "status": "active", "wikipedia_page": "Tuna Luso Brasileira", "slug": "tunaluso", "typeSlug": ".png", "site": null, "uniforme": "","anthem": { "title": "Hino da Tuna Luso", "lyrics_url": "https://pt.wikipedia.org/wiki/Tuna_Luso_Brasileira", "audio_url": null } },
  { "short_name": "Tupi", "full_name": "Tupi Football Club", "city": "Juiz de Fora", "state": "MG", "founded": 1912, "status": "active", "wikipedia_page": "Tupi Football Club", "slug": "tupi", "typeSlug": ".png", "site": null, "uniforme": "","anthem": { "title": "Hino do Tupi", "lyrics_url": "https://pt.wikipedia.org/wiki/Tupi_Football_Club", "audio_url": null } },

  { "short_name": "União Barbarense", "full_name": "União Agrícola Barbarense Futebol Clube", "city": "Santa Bárbara d'Oeste", "state": "SP", "founded": 1914, "status": "active", "wikipedia_page": "União Agrícola Barbarense Futebol Clube", "slug": "uniaobarbarense", "typeSlug": ".png", "site": null, "uniforme": "","anthem": null },
  { "short_name": "União Rondonópolis", "full_name": "União Esporte Clube", "city": "Rondonópolis", "state": "MT", "founded": 1973, "status": "active", "wikipedia_page": "União Esporte Clube", "slug": "uniaorondonopolis", "typeSlug": ".png", "site": null, "uniforme": "","anthem": { "title": "Hino do União Rondonópolis", "lyrics_url": "https://pt.wikipedia.org/wiki/Uni%C3%A3o_Esporte_Clube", "audio_url": null } },
  { "short_name": "URT", "full_name": "União Recreativa dos Trabalhadores", "city": "Patos de Minas", "state": "MG", "founded": 1939, "status": "active", "wikipedia_page": "Uni%C3%A3o_Recreativa_dos_Trabalhadores", "slug": "urt", "typeSlug": ".png", "site": null, "uniforme": "", "anthem": { "title": "Hino da URT", "lyrics_url": "https://pt.wikipedia.org/wiki/Uni%C3%A3o_Recreativa_dos_Trabalhadores", "audio_url": null } },

  { "short_name": "Vasco", "full_name": "Club de Regatas Vasco da Gama", "city": "Rio de Janeiro", "state": "RJ", "founded": 1898, "status": "active", "wikipedia_page": "Club de Regatas Vasco da Gama", "slug": "vascodagama", "typeSlug": ".png", "site": null, "uniforme": "","anthem": { "title": "Hino do Vasco", "lyrics_url": "https://pt.wikipedia.org/wiki/Club_de_Regatas_Vasco_da_Gama", "audio_url": null } },
  { "short_name": "Velo Clube", "full_name": "Associação Esportiva Velo Clube Rioclarense", "city": "Rio Claro", "state": "SP", "founded": 1910, "status": "active", "wikipedia_page": "Associação Esportiva Velo Clube Rioclarense", "slug": "veloclube", "typeSlug": ".png", "site": "https://www.veloclube.com.br", "uniforme": "", "anthem": { "title": "Hino do Velo Clube", "lyrics_url": "https://pt.wikipedia.org/wiki/Velo_Clube_Rio_Claro", "audio_url": null } },
  { "short_name": "Vila Nova", "full_name": "Vila Nova Futebol Clube", "city": "Goiânia", "state": "GO", "founded": 1943, "status": "active", "wikipedia_page": "Vila Nova Futebol Clube", "slug": "vilanova", "typeSlug": ".png", "site": null, "uniforme": "","anthem": { "title": "Hino do Vila Nova", "lyrics_url": "https://pt.wikipedia.org/wiki/Vila_Nova_Futebol_Clube", "audio_url": null } },
  { "short_name": "Villa Nova", "full_name": "Villa Nova Atlético Clube", "city": "Nova Lima", "state": "MG", "founded": 1908, "status": "active", "wikipedia_page": "Villa Nova Atlético Clube", "slug": "villanova", "typeSlug": ".png", "site": null, "uniforme": "","anthem": { "title": "Hino do Villa Nova", "lyrics_url": "https://pt.wikipedia.org/wiki/Villa_Nova_Atl%C3%A9tico_Clube", "audio_url": null } },
  { "short_name": "Vitória", "full_name": "Esporte Clube Vitória", "city": "Salvador", "state": "BA", "founded": 1899, "status": "active", "wikipedia_page": "Esporte Clube Vitória", "slug": "vitoria", "typeSlug": ".png", "site": null, "uniforme": "","anthem": { "title": "Hino do Vitória", "lyrics_url": "https://pt.wikipedia.org/wiki/Esporte_Clube_Vit%C3%B3ria", "audio_url": null } },
  { "short_name": "Volta Redonda", "full_name": "Volta Redonda Futebol Clube", "city": "Volta Redonda", "state": "RJ", "founded": 1976, "status": "active", "wikipedia_page": "Volta Redonda Futebol Clube", "slug": "voltaco", "typeSlug": ".png", "site": null, "uniforme": "","anthem": { "title": "Hino do Volta Redonda", "lyrics_url": "https://pt.wikipedia.org/wiki/Volta_Redonda_Futebol_Clube", "audio_url": null } },

  { "short_name": "XV de Piracicaba", "full_name": "Esporte Clube XV de Novembro (Piracicaba)", "city": "Piracicaba", "state": "SP", "founded": 1913, "status": "active", "wikipedia_page": "Esporte Clube XV de Novembro (Piracicaba)", "slug": "xvdepiracicaba", "typeSlug": ".png", "site": null, "uniforme": "","anthem": { "title": "Hino do XV de Piracicaba", "lyrics_url": "https://pt.wikipedia.org/wiki/Esporte_Clube_XV_de_Novembro_(Piracicaba)", "audio_url": null } },
  { "short_name": "XV de Jaú", "full_name": "Esporte Clube XV de Novembro (Jaú)", "city": "Jaú", "state": "SP", "founded": 1924, "status": "active", "wikipedia_page": "Esporte Clube XV de Novembro (Jaú)", "slug": "xvjau", "typeSlug": ".png", "site": null, "uniforme": "","anthem": { "title": "Hino do XV de Jaú", "lyrics_url": "https://pt.wikipedia.org/wiki/Esporte_Clube_XV_de_Novembro_(Ja%C3%BA)", "audio_url": null } },

  { "short_name": "Ypiranga-AP", "full_name": "Ypiranga Clube (AP)", "city": "Macapá", "state": "AP", "founded": 1963, "status": "active", "wikipedia_page": "Ypiranga Clube", "slug": "ypiranga", "typeSlug": ".png", "site": null, "uniforme": "","anthem": { "title": "Hino do Ypiranga-AP", "lyrics_url": "https://pt.wikipedia.org/wiki/Ypiranga_Clube", "audio_url": null } },
  { "short_name": "Ypiranga-PE", "full_name": "Sociedade Esportiva Ypiranga Futebol Clube", "city": "Recife", "state": "PE", "founded": 1906, "status": "inactive", "wikipedia_page": "Sociedade Esportiva Ypiranga Futebol Clube", "slug": "ypirangape", "typeSlug": ".png", "site": null, "uniforme": "","anthem": null },
  { "short_name": "Ypiranga-RS", "full_name": "Ypiranga Futebol Clube (Erechim)", "city": "Erechim", "state": "RS", "founded": 1924, "status": "active", "wikipedia_page": "Ypiranga Futebol Clube (Erechim)", "slug": "ypirangars", "typeSlug": ".png", "site": null, "uniforme": "","anthem": { "title": "Hino do Ypiranga-RS", "lyrics_url": "https://pt.wikipedia.org/wiki/Ypiranga_Futebol_Clube", "audio_url": null } },

  { "short_name": "Zumbi", "full_name": "Zumbi Esporte Clube", "city": "União dos Palmares", "state": "AL", "founded": 1954, "status": "active", "wikipedia_page": "Zumbi Esporte Clube", "slug": "zumbi", "typeSlug": ".png", "site": null, "uniforme": "","anthem": { "title": "Hino do Zumbi", "lyrics_url": "https://pt.wikipedia.org/wiki/Zumbi_Esporte_Clube", "audio_url": null } }
]
